{"2":{"id":"prod03","nombre":"Naranjas","categoria":"fruta","stock":"1","precio":"1"},"5":{"id":"prod04","nombre":"Casta\u00f1as","categoria":"frutos secos","stock":"1","precio":"1"},"7":{"id":"prod06","nombre":"Pan","categoria":"Grupo de los Granos","stock":"33","precio":"1"},"8":{"id":"prod07","nombre":"Leche","categoria":"Bebida","stock":"40","precio":"4"},"9":{"id":"prod08","nombre":"Galletas","categoria":"boller\u00eda","stock":"7","precio":"5.3"},"10":{"id":"prod09","nombre":"Pistachos","categoria":"frutos secos","stock":"4","precio":"4"},"12":{"id":"prod010","nombre":"Naranaja Pistachada","categoria":"fruta deshidratada","stock":"11","precio":"22"},"13":{"id":"prod011","nombre":"Pan de Naranja","categoria":"bolleria","stock":"3","precio":"3"}}