{
  "partidas": [
    {
      "id": 2,
      "J1": "Pepe",
      "J2": "Juanma",
      "tablero": [
        [
          "O",
          "",
          ""
        ],
        [
          "X",
          "O",
          ""
        ],
        [
          "",
          "X",
          "O"
        ]
      ],
      "ganador": "J1"
    },
    {
      "id": 3,
      "J1": "Pepe",
      "J2": "Luis",
      "tablero": [
        [
          "O",
          "",
          ""
        ],
        [
          "O",
          "",
          "O"
        ],
        [
          "X",
          "X",
          "X"
        ]
      ],
      "ganador": "J2"
    },
    {
      "id": 4,
      "J1": "yutyu",
      "J2": "tyutyu",
      "tablero": [
        [
          "X",
          "O",
          "O"
        ],
        [
          "X",
          "O",
          "X"
        ],
        [
          "O",
          "X",
          "O"
        ]
      ],
      "ganador": "J1"
    },
    {
      "id": 7,
      "J1": "Saúl",
      "J2": "Juanma",
      "tablero": [
        [
          "O",
          "X",
          "X"
        ],
        [
          "X",
          "O",
          "O"
        ],
        [
          "O",
          "O",
          "X"
        ]
      ],
      "ganador": "Empate"
    },
    {
      "id": 8,
      "J1": "jgj",
      "J2": "ytutyu",
      "tablero": [
        [
          "O",
          "X",
          "X"
        ],
        [
          "",
          "O",
          ""
        ],
        [
          "",
          "",
          "O"
        ]
      ],
      "ganador": "J1"
    },
    {
      "id": 9,
      "J1": "dsfsfd",
      "J2": "sdfsdf",
      "tablero": [
        [
          "",
          "",
          "O"
        ],
        [
          "O",
          "X",
          "O"
        ],
        [
          "X",
          "X",
          "O"
        ]
      ],
      "ganador": "J1"
    },
    {
      "id": 10,
      "J1": "retert",
      "J2": "retter",
      "tablero": [
        [
          "O",
          "O",
          "O"
        ],
        [
          "X",
          "X",
          ""
        ],
        [
          "",
          "",
          ""
        ]
      ],
      "ganador": "J1"
    }
  ]
}